<?xml version="1.0" encoding="UTF-8"?>
<project-private xmlns="http://www.netbeans.org/ns/project-private/1">
    <editor-bookmarks xmlns="http://www.netbeans.org/ns/editor-bookmarks/2" lastBookmarkId="0"/>
    <open-files xmlns="http://www.netbeans.org/ns/projectui-open-files/2">
        <group>
            <file>file:/C:/xampp/htdocs/JCA_Futbol_Admin/Equipos.php</file>
            <file>file:/C:/xampp/htdocs/JCA_Futbol_Admin/js/custom/equipos.js</file>
            <file>file:/C:/xampp/htdocs/JCA_Futbol_Admin/Inicio.php</file>
            <file>file:/C:/xampp/htdocs/JCA_Futbol_Admin/Campeonatos.php</file>
            <file>file:/C:/xampp/htdocs/JCA_Futbol_Admin/Index.html</file>
            <file>file:/C:/xampp/htdocs/JCA_Futbol_Admin/Header.php</file>
            <file>file:/C:/xampp/htdocs/JCA_Futbol_Admin/js/custom/campeonatos.js</file>
            <file>file:/C:/xampp/htdocs/JCA_Futbol_Admin/Footer.php</file>
        </group>
    </open-files>
</project-private>
